{
    "Lyman": [48.99045554103923, 37.80698610167145],
    "Soledar": [48.67530544374006, 38.09989681333962],
    "Kramatorsk": [48.733821, 37.57405056],
    "Bakhmut": [48.598757145059714, 37.998195160168066],
    "Bakhmut Center": [48.598757145059714, 37.998195160168066],
    "BM Railway": [48.590318209384634, 37.98555346847575],
    "BM River": [48.59275763195635, 38.009424844166595],
    "Chasiv Yar": [48.58952875572978, 37.837657866982404],
    "Rai-Oleksandrivka": [48.8094903878486, 37.85028138951244],
    "Vuhledar": [47.78553297445072, 37.24954775954961],
    "Kostyantynivka": [48.52954191665149, 37.715966570796326],
    "Orikhovo-Vasylivka": [48.68106335594288, 37.879548870592224],
    "Pryvillya":[48.72541361666835, 37.86931562145838],
    "Zalisnyanske": [48.70279601463454, 37.94053877868099],
    "Blahodatne": [48.688453579948714, 38.008569813285824],
    "Serebryanka": [48.92028910734597, 38.12985886102789],
    "Krasnopolivka": [48.732412560156945, 38.046517234383046],
    "Blahodatne": [48.686249080394944, 38.01906376555275]
}    
