{
    "West Bakhmut Sports Complex": [48.58913268886526, 37.9573448968337],
    "West Bakhmut Residential Area": [48.59775957544103, 37.9629318221803],
    "Bakhmut Children's Hospital": [48.593973093823855, 37.95894459092452],
    "Yahidne": [48.62676336647439, 37.976209366365346],
    "Bohdanivka": [48.62162585984787, 37.90161810480415],
    "Berkhivka": [48.64555158825472, 37.96011627357848],
    "Kreminna": [49.04201323402742, 38.21594879135994],
    "Pervomaiske": [48.092089304171246, 37.609887600420585],
    "Marinka": [47.94235542732958, 37.510361879890446],
    "Kherson": [46.635461456029105, 32.61662769089537],
    "Nevske": [49.16894890719263, 37.97671605933706],
    "Ploschchanka": [49.20631036085645, 38.08655241577274],
    "Zalisyanske": [48.70279233924512, 37.93974037148076],
    "Nykyforivka": [48.771251195553994, 37.8981466090753],
    "Zaporizhzhya Nuclear Power Plant": [47.507146441631164, 34.58312098860027],
    "Avdiivka": [48.136949597567494, 37.75005806301015],
    "Levanevskoho St": [48.59793106989094, 37.97332309058921],
    "Khromove": [48.59983690905936, 37.94563082506375],
    "Lyman": [48.99045554103923, 37.80698610167145],
    "Soledar": [48.67530544374006, 38.09989681333962],
    "Kramatorsk": [48.733821, 37.57405056],
    "Bakhmut": [48.598757145059714, 37.998195160168066],
    "Bakhmut Center": [48.598757145059714, 37.998195160168066],
    "BM Railway": [48.590318209384634, 37.98555346847575],
    "BM River": [48.59275763195635, 38.009424844166595],
    "Chasiv Yar": [48.58952875572978, 37.837657866982404],
    "Rai-Oleksandrivka": [48.8094903878486, 37.85028138951244],
    "Vuhledar": [47.78553297445072, 37.24954775954961],
    "Kostyantynivka": [48.52954191665149, 37.715966570796326],
    "Orikhovo-Vasylivka": [48.68106335594288, 37.879548870592224],
    "Pryvillya":[48.72541361666835, 37.86931562145838],
    "Zalisnyanske": [48.70279601463454, 37.94053877868099],
    "Blahodatne": [48.688453579948714, 38.008569813285824],
    "Serebryanka": [48.92028910734597, 38.12985886102789],
    "Krasnopolivka": [48.732412560156945, 38.046517234383046],
    "Blahodatne": [48.686249080394944, 38.01906376555275],
    "Popasna": [48.63437732719405, 38.38023239550534],
    "Peremogi St": [48.60413637312379, 37.97440774007658]
}    
