{
    "Lyman": [48.99045554103923, 37.80698610167145],
    "Soledar": [48.67530544374006, 38.09989681333962],
    "Kramatorsk": [48.733821, 37.57405056],
    "Bakhmut": [48.596402, 38.0060731],
    "Chasiv Yar": [48.58952875572978, 37.837657866982404],
    "Rai-Oleksandrivka": [48.8094903878486, 37.85028138951244],
    "Vuhledar": [47.78553297445072, 37.24954775954961]  
}    
