{
    "nsleak1": [55.556917268787195, 15.746835501088608],
    "nsleak2": [54.887547868782164, 15.38900009036478],
    "nordstream2": [[55.57624289450912, 15.915994058885326], [55.554281956188746, 15.800743173353496], [55.527050392671484, 15.689210058322693], [55.325888197656845, 15.674338976318586], [55.12648287770784, 15.539569795656364], [54.891061618913426, 15.389929532990037], [54.834841616813264, 15.295126385213853]],
    "nordstream1": [[55.59996070789513, 15.927147370388408], [55.58414883230446, 15.843497534115304], [55.567458519180974, 15.743117730587581], [55.54461914332778, 15.664115107440763], [55.474344140702584, 15.553511435035215], [55.41197507587272, 15.434542779002358], [55.38825726248671, 15.395506188741576], [55.27845257088484, 15.350892942729255], [55.17128319188141, 15.305350254091678], [54.94464630841514, 15.20311156531344], [54.88139880605246, 14.954950384369903], [54.838355366944526, 14.785791826573185]],
    "dnipro1": [[46.654070193363644, 32.780622542546425],
		[46.76126689499018, 33.435213981723145],
		[47.038688499943184, 33.74554263869207],
		[47.491270597908986, 34.05714338987601],
		[47.531569677124025, 34.78139972644914],
		[47.58917377429602, 35.129823905756126],
		[48.15633385468796, 35.223658146910374],
		[48.490508264702754, 34.81442263059328],
		[48.82267791091834, 34.19176914893817],
		[49.05262179405025, 33.443225855370414],
		[49.48406043506149, 32.16582451737702],
		[49.76346913226657, 31.513001741775366],
		[50.0167266680487, 31.43507594456012],
		[50.15549885374164, 30.780431575697097],
		[50.75630820449093, 30.480069700410585],
		[51.27272324181187, 30.589196482865816]],
    "Krasnohorivka": [48.20689112072056, 37.724725960275094],
    "Novomaiorske": [47.738103743312685, 37.0381751929997],
    "Makarivka": [47.78168768985348, 36.80348584022992],
    "Lobkove": [47.5180010776464, 35.44761248784104],
    "Kakhovskaya Reservoir": [46.78226865605758, 33.378334245301005],
    "Dnieper Reservoir": [47.93942509006029, 35.17897115188128],
    "Srednedneproskoe Reservoir": [48.53866681481169, 34.80550571940537],
    "Kremenchug Reservoir": [49.12757678568807, 33.324982040661595],
    "Kanevskoe Reservoir": [49.902458326314886, 31.444316827122197],
    "Kiev Reservoir": [50.470704789441214, 30.537329348252136],
    "West Bakhmut Sports Complex": [48.58913268886526, 37.9573448968337],
    "West Bakhmut Residential Area": [48.59775957544103, 37.9629318221803],
    "Bakhmut Children's Hospital": [48.593973093823855, 37.95894459092452],
    "Yahidne": [48.62676336647439, 37.976209366365346],
    "Bohdanivka": [48.62162585984787, 37.90161810480415],
    "Berkhivka": [48.64555158825472, 37.96011627357848],
    "Kreminna": [49.04201323402742, 38.21594879135994],
    "Pervomaiske": [48.092089304171246, 37.609887600420585],
    "Marinka": [47.94235542732958, 37.510361879890446],
    "Kherson": [46.635461456029105, 32.61662769089537],
    "Nevske": [49.16894890719263, 37.97671605933706],
    "Ploschchanka": [49.20631036085645, 38.08655241577274],
    "Zalisyanske": [48.70279233924512, 37.93974037148076],
    "Nykyforivka": [48.771251195553994, 37.8981466090753],
    "Zaporizhzhya Nuclear Power Plant": [47.507146441631164, 34.58312098860027],
    "Zaporizhzhya NPP": [47.507146441631164, 34.58312098860027],
    "Avdiivka": [48.136949597567494, 37.75005806301015],
    "Levanevskoho St": [48.59793106989094, 37.97332309058921],
    "Khromove": [48.59983690905936, 37.94563082506375],
    "Lyman": [48.99045554103923, 37.80698610167145],
    "Soledar": [48.67530544374006, 38.09989681333962],
    "Kramatorsk": [48.733821, 37.57405056],
    "Bakhmut": [48.598757145059714, 37.998195160168066],
    "Bakhmut Center": [48.598757145059714, 37.998195160168066],
    "BM Railway": [48.590318209384634, 37.98555346847575],
    "BM River": [48.59275763195635, 38.009424844166595],
    "Chasiv Yar": [48.58952875572978, 37.837657866982404],
    "Rai-Oleksandrivka": [48.8094903878486, 37.85028138951244],
    "Velyka Novosilka": [47.946425552909574, 36.834649245117085],
    "Vuhledar": [47.78553297445072, 37.24954775954961],
    "Kostyantynivka": [48.52954191665149, 37.715966570796326],
    "Orikhovo-Vasylivka": [48.68106335594288, 37.879548870592224],
    "Orikhiv": [47.57176738049351, 35.795535845847176],
    "Malaya Tokmachka": [47.533565948965666, 35.91813321567317],
    "Robotyne": [47.45101495032015, 35.83007522616619],
    "Pryvillya":[48.72541361666835, 37.86931562145838],
    "Zalisnyanske": [48.70279601463454, 37.94053877868099],
    "Blahodatne": [47.793506178543915, 36.815626428628036],
    "Serebryanka": [48.92028910734597, 38.12985886102789],
    "Krasnopolivka": [48.732412560156945, 38.046517234383046],
    "Popasna": [48.63437732719405, 38.38023239550534],
    "Peremogi St": [48.60413637312379, 37.97440774007658]    
}    
