{
    "nagornarm1": [[40.38134411621296, 46.551234713970956], [40.32195635227536, 46.48023317455187], [40.298201246700316, 46.377990957788384], [40.298201246700316, 46.298469233639004], [40.22396654177832, 46.287108987331955], [40.17051755423448, 46.29562917206224], [40.143793060462556, 46.34107015729046], [40.09628284931248, 46.34107015729046], [40.05768080275304, 46.3921912656722], [40.001262427012314, 46.443312374053946], [39.91811955749968, 46.51147385189627], [39.78449708864008, 46.56827508343154], [39.695415442733676, 46.53987446766391], [39.62711951420544, 46.55407477554772], [39.671660337158634, 46.58531545289212], [39.6775991135524, 46.63643656127386], [39.7221399365056, 46.64211668442739], [39.731048101096235, 46.69891791596266], [39.68650727814304, 46.690397731232366], [39.64493584338672, 46.6648371770415], [39.60633379682728, 46.6960778543859], [39.60930318502416, 46.75571914749793], [39.53209909190527, 46.76139927065145], [39.50834398633024, 46.7812797016888], [39.517252150920875, 46.832400810070546], [39.576639914858475, 46.826720686917014], [39.56179297387408, 46.87784179529876], [39.535068480102154, 46.88636198002905], [39.520221539117756, 46.94600327314108], [39.4845888807552, 46.965883704178424], [39.50240520993648, 47.031205120443985], [39.576639914858475, 47.05676567463486], [39.615241961417915, 47.08516629040249], [39.65978278437112, 47.07380604409544], [39.662752172568, 47.03688524359752], [39.754803206671276, 47.09936659828631], [39.7963746414276, 47.249889861854776], [39.91218078110592, 47.15048770666805], [39.97156854504352, 46.965883704178424], [39.9299971102872, 46.93180296525726], [39.903272616515274, 46.88636198002905], [39.95672160405912, 46.88920204160581], [39.983446097831035, 46.88352191845229], [40.08737468472184, 46.801160132726146], [40.07549713193432, 46.69323779280913], [40.120037954887515, 46.76423933222822], [40.16457877784072, 46.752879085921165], [40.18833388341576, 46.795480009572614], [40.220997153581436, 46.84660111795436], [40.25069103555024, 46.909082472643156], [40.32789512866912, 46.829560748493776], [40.393221669000475, 46.798320071149384], [40.44667065654432, 46.78979988641909], [40.41697677457552, 46.65915705388797], [40.39916044539424, 46.59951576077594], [40.38134411621296, 46.551234713970956]],
    "nagornarm21": [[40.283837408732154, 45.97508529213794], [40.283837408732154, 46.12379016800001], [40.300382251089296, 46.3022360190345], [40.19697698635716, 46.30818421406899], [40.15147866987502, 46.349821579310365], [40.10598035339287, 46.36171796937933], [39.957076772178596, 46.492578260137954], [39.82471803332145, 46.55800840551726], [39.67167824151789, 46.55800840551726], [39.70476792623217, 46.659127721103474], [39.74613003212502, 46.70076508634486], [39.64686097798217, 46.68886869627589], [39.63445234621432, 46.760247036689684], [39.53104708148217, 46.80188440193106], [39.539319502660746, 46.84352176717245], [39.60549887208931, 46.85541815724141], [39.56413676619646, 46.89110732744831], [39.539319502660746, 46.96843386289659], [39.51450223912503, 47.01601942317245], [39.53104708148217, 47.0338640082759], [39.63031613562503, 47.10524234868969], [39.67581445210717, 47.09929415365521], [39.68408687328574, 47.05765678841383], [39.7544024533036, 47.11713873875866], [39.39455213203575, 47.28368819972418], [39.30769170966075, 47.09929415365521], [39.241512340232184, 47.05765678841383], [39.179469181392896, 46.962485667862104], [39.19187781316076, 46.86731454731038], [39.08847254842861, 46.76619523172417], [39.00988454723219, 46.67102411117244], [38.93129654603576, 46.54016382041382], [38.99747591546433, 46.516371040275885], [39.12569844373218, 46.53421562537933], [39.18774160257147, 46.46283728496554], [39.2373761296429, 46.43309630979312], [39.21255886610718, 46.552060210482786], [39.23323991905361, 46.63533494096554], [39.340781394375036, 46.492578260137954], [39.42764181675003, 46.40335533462071], [39.48968497558932, 46.49852645517244], [39.580681608553604, 46.5461120154483], [39.65099718857146, 46.337925189241396], [39.6096350826786, 46.224909483586224], [39.7254489791786, 46.06430821765518], [39.79162834860717, 46.01077446234484], [39.84539908626788, 45.8501731964138], [39.94880435100002, 45.77284666096552], [39.99016645689288, 45.600349004965516], [40.03566477337502, 45.61819359006897], [40.039800983964305, 45.903706951724146], [40.143206248696444, 45.97508529213794], [40.22179424989287, 46.01077446234484], [40.27970119814287, 45.96318890206898]],
    "nagornarm22": [[40.2714287769643, 46.926796497655204], [40.17629593341073, 46.76619523172417], [40.13493382751788, 46.795936206896585], [40.097707932214306, 46.718609671448306], [39.92812329805359, 46.926796497655204], [39.99430266748216, 46.986278448000036], [40.101844142803586, 46.962485667862104]]
}
