{
    "GERD": [11.216429713369354, 35.09365978103543],
    "Egypt": [23.9086775209387, 30.38363371719125],
    "Eritrea": [15.469051690150105, 38.779374714657386],
    "Ethiopia": [8.682942879232368, 39.55062761275624],
    "Khartoum": [15.4960890320294, 32.51584723146853],
    "Sudan": [16.191794830836567, 30.05915570572505]
}


