{
    "nile2": [[12.026094989872606, 36.59106560026914],
	      [12.604427330232072, 36.34465704773701],
	      [12.546594096196126, 36.610020104310074],
	      [12.604427330232072, 36.83747415280127],
	      [11.852595287764768, 36.70479262451474],
	      [11.736928819692874, 37.027019193210606],
	      [11.216429713369354, 37.44401828211113],
	      [10.348931202830157, 37.3682002659474],
	      [10.348931202830157, 36.72374712855567],
	      [10.811597075117728, 36.07929399116395],
	      [10.522430904937995, 35.43484085377222],
	      [10.985096777225568, 34.960978252748895],
	      [11.910428521800714, 34.54397916384837],
	      [12.083928223908552, 34.202798091111575],
	      [13.29842613866343, 33.76684449817011],
	      [14.223757883238575, 33.57729945776078],
	      [15.033423159741826, 33.16030036886025],
	      [15.900921670281026, 32.57271074359133]],	
    "nile1": [[1.0377805230427626, 33.61520846584265],
	      [0.9799472890068159, 34.164889083029706],
	      [-0.06105092364022191, 34.638751684053034],
	      [-0.6972164980356332, 34.108025570906904],
	      [-1.6803814766467262, 33.89952602645664],
	      [-1.9117144127905128, 33.04657334461465],
	      [-2.3165470510421393, 32.307347687018265],
	      [-0.8707162001434732, 32.307347687018265],
	      [0.4016149486473495, 32.78121028804159],
	      [0.5751146507551894, 33.36879991331052],
	      [1.9631122676179071, 33.14134586481932],
	      [2.5992778420133185, 32.705392271877855],
	      [3.004110480264945, 32.4400292153048],
	      [3.004110480264945, 32.098848142568],
	      [4.160775160983876, 32.193620662772666],
	      [4.276441629055769, 32.36421119914106],
	      [5.201773373630914, 32.13675715064986],
	      [5.780105713990379, 32.28839318297733],
	      [7.630769203140669, 31.473349509217208],
	      [9.192266522111225, 30.923668892030147],
	      [9.94409856457853, 31.226940956685077],
	      [9.770598862470692, 32.0419846304452],
	      [10.175431500722317, 32.40212020722293],
	      [10.638097373009888, 32.51584723146853],
	      [11.216429713369354, 32.78121028804159],
	      [12.315261160052339, 32.951800824409986],
	      [13.64542554287911, 32.743301279959724],
	      [14.512924053418308, 32.40212020722293],
	      [15.380422563957506, 32.51584723146853],
	      [16.3635875425686, 32.64852875975506],
	      [16.710586946784275, 33.425663425433314],
	      [18.15641779768294, 33.596253961801715],
	      [18.908249840150244, 33.36879991331052],
	      [19.197416010329977, 32.951800824409986],
	      [18.445583967862675, 31.909303102158667],
	      [17.9829180955751, 31.075304924357614],
	      [19.255249244365924, 30.80994186778455],
	      [20.585413627192693, 30.63935133141615],
	      [21.33724566966, 31.207986452644143],
	      [22.03124447809136, 31.68184905366747],
	      [22.320410648271093, 31.966166614281466],
	      [22.89874298863056, 32.4400292153048],
	      [23.939741201277595, 32.307347687018265],
	      [24.749406477780845, 32.07989363852707],
	      [25.212072350068418, 31.9282576061996],
	      [25.616904988320044, 32.00407562236333],
	      [25.790404690427884, 31.549167525380938],
	      [26.54223673289519, 30.904714387989216],
	      [26.88923613711087, 30.544578811211487],
	      [27.525401711506284, 30.468760795047753],
	      [28.161567285901693, 30.44980629100682],
	      [28.682066392225213, 30.63935133141615],
	      [29.665231370836302, 30.33607926676122],
	      [30.76406281751929, 30.373988274843086]],
    "GERD": [11.216429713369354, 35.09365978103543],
    "Egypt": [23.9086775209387, 30.38363371719125],
    "Eritrea": [15.469051690150105, 38.779374714657386],
    "Ethiopia": [8.682942879232368, 39.55062761275624],
    "Khartoum": [15.4960890320294, 32.51584723146853],
    "Sudan": [16.191794830836567, 30.05915570572505],
    "South Sudan Border": [[9.513444289731723, 34.116417746084025], [9.513444289731723, 33.91300118013162], [9.953387759476026, 34.055392776298305], [10.173359494348178, 33.97402614991734], [10.598638181767669, 33.64855964439351], [10.715956440366151, 33.26206816908395], [11.067911216161592, 33.24172651248871], [11.449195556606654, 33.11967657291727], [12.065116414248678, 33.28240982567919], [12.094445978898298, 32.773868410798194], [11.859809461701337, 32.773868410798194], [11.830479897051717, 32.10259374315528], [11.595843379854756, 32.34669362229816], [10.950592957563112, 32.42806024867912], [10.657297311066909, 32.000885460179084], [9.704086459954254, 31.28892747934569], [9.704086459954254, 30.882094347440894], [10.173359494348178, 29.98706145725034], [10.070706018074507, 29.580228325345548], [9.704086459954254, 29.43783672917887], [9.718751242279065, 29.071686910464553], [9.352131684158813, 28.664853778559756], [9.366796466483622, 28.05460408070256], [9.542773854381345, 27.912212484535882], [9.630762548330205, 27.03752125094057], [9.484114725082103, 26.712054745416737], [9.601432983680585, 26.2848799569167], [9.938722977151215, 26.12214670415478], [10.173359494348178, 25.939071794797623], [10.437325576194759, 25.817021855226184], [10.334672099921088, 25.10506387439279], [10.173359494348178, 25.04403890460707], [9.924058194826406, 24.881305651845153], [9.777410371578306, 24.23037264079748], [9.718751242279065, 23.701489569321247]],
    "South Sudan": [6.641934008520207, 30.48634103370568]
}


